<?xml version="1.0"?>
<!DOCTYPE hibernate-mapping PUBLIC "-//Hibernate/Hibernate Mapping DTD 3.0//EN"
"http://hibernate.sourceforge.net/hibernate-mapping-3.0.dtd">
<!-- Generated 2017/09/11 11:30:21 by Hibernate Tools 3.4.0.CR1 -->
<hibernate-mapping>
    <class name="fjs.cs.model.MSTUSER" table="MSTUSER">
        <id name="userid" type="java.lang.String" length="8">
            <column name="USERID" />
            <generator class="assigned" />
        </id>
        <property name="psn_cd" type="int" length="4">
            <column name="PSN_CD" />
        </property>
        <property name="password" type="java.lang.String" length="8">
            <column name="PASSWORD" />
        </property>
        <property name="username" type="java.lang.String">
            <column name="USERNAME" />
        </property>
        <property name="delete_ymd" type="java.util.Date">
            <column name="DELETE_YMD" />
        </property>
        <property name="insert_yms" type="java.util.Date">
            <column name="INSERT_YMS" />
        </property>
        <property name="insert_psn_cd" type="int">
            <column name="INSERT_PSN_CD" />
        </property>
        <property name="update_ymd" type="java.util.Date">
            <column name="UPDATE_YMD" />
        </property>
        <property name="update_psn_cd" type="int">
            <column name="UPDATE_PSN_CD" />
        </property>
    </class>
</hibernate-mapping>
